"","OBJECTID","SUBZONE_NO","SUBZONE_N","SUBZONE_C","CA_IND","PLN_AREA_N","PLN_AREA_C","REGION_N","REGION_C","INC_CRC","FMEL_UPD_D","X_ADDR","Y_ADDR","SHAPE_Leng","SHAPE_Area"
"0",1,1,"MARINA SOUTH","MSSZ01","Y","MARINA SOUTH","MS","CENTRAL REGION","CR","5ED7EB253F99252E","2014/12/05",31595.8357,29220.1873,5267.3810236,1630379.268
"1",2,1,"PEARL'S HILL","OTSZ01","Y","OUTRAM","OT","CENTRAL REGION","CR","8C7149B9EB32EEFC","2014/12/05",28679.0634,29782.0519,3506.1073755,559816.245449
"2",3,3,"BOAT QUAY","SRSZ03","Y","SINGAPORE RIVER","SR","CENTRAL REGION","CR","C35FEFF02B13E0E5","2014/12/05",29654.9594,29974.6553,1740.92576616,160807.497729
"3",4,8,"HENDERSON HILL","BMSZ08","N","BUKIT MERAH","BM","CENTRAL REGION","CR","3775D82C5DDBEFBD","2014/12/05",26782.8261,29933.7651,3313.62490378,595428.885968
"4",5,3,"REDHILL","BMSZ03","N","BUKIT MERAH","BM","CENTRAL REGION","CR","85D9ABEF0A40678F","2014/12/05",26201.958,30005.7035,2825.59409872,387429.439964
"5",6,7,"ALEXANDRA HILL","BMSZ07","N","BUKIT MERAH","BM","CENTRAL REGION","CR","9D286521EF5E3B59","2014/12/05",25358.8208,29991.3842,4428.91343557,1030378.78603
"6",7,9,"BUKIT HO SWEE","BMSZ09","N","BUKIT MERAH","BM","CENTRAL REGION","CR","7839A8577144EFE2","2014/12/05",27680.0627,30230.861,3275.31248846,551732.049494
"7",8,2,"CLARKE QUAY","SRSZ02","Y","SINGAPORE RIVER","SR","CENTRAL REGION","CR","48661DC0FBA09F7A","2014/12/05",29253.2073,30222.8645,2208.61929874,290184.652686
"8",9,13,"PASIR PANJANG 1","QTSZ13","N","QUEENSTOWN","QT","CENTRAL REGION","CR","1F721290C421BFAB","2014/12/05",22077.3383,29893.7812,6571.32308202,1084792.32059
"9",10,7,"QUEENSWAY","QTSZ07","N","QUEENSTOWN","QT","CENTRAL REGION","CR","3580D2AFFBEE914C","2014/12/05",24168.3106,30104.1768,3454.23928341,631644.289298
"10",11,12,"KENT RIDGE","QTSZ12","N","QUEENSTOWN","QT","CENTRAL REGION","CR","601BA309A1AAC731","2014/12/05",23464.8409,29725.3706,7439.5476563,1826848.56058
"11",12,6,"ALEXANDRA NORTH","BMSZ06","N","BUKIT MERAH","BM","CENTRAL REGION","CR","4DC4BF8D86594CBF","2014/12/05",26548.2507,30519.3922,2907.05146074,293706.398804
"12",13,1,"MARINA EAST","MESZ01","Y","MARINA EAST","ME","CENTRAL REGION","CR","782A2FAF53029A34","2014/12/05",32344.0489,30103.2495,6470.94964274,1844060.67468
"13",14,5,"INSTITUTION HILL","RVSZ05","Y","RIVER VALLEY","RV","CENTRAL REGION","CR","C3C22D1EE31757BD","2014/12/05",28465.3999,30711.2179,2842.52550488,392563.33976
"14",15,1,"ROBERTSON QUAY","SRSZ01","Y","SINGAPORE RIVER","SR","CENTRAL REGION","CR","DF71BB5EC3C9FFD1","2014/12/05",28416.8477,30409.3607,4995.75811436,506588.959751
"15",16,1,"JURONG ISLAND AND BUKOM","WISZ01","N","WESTERN ISLANDS","WI","WEST REGION","WR","699F7210FBF1AFA8","2014/12/05",13012.8805,27225.8674,68083.9364708,36707720.9188
"16",17,3,"SUDONG","WISZ03","N","WESTERN ISLANDS","WI","WEST REGION","WR","F718C723E08FBD51","2014/12/05",15931.7586,19579.069,24759.0657973,4207271.09353
"17",18,2,"SEMAKAU","WISZ02","N","WESTERN ISLANDS","WI","WEST REGION","WR","E69207D4F76DEEA3","2014/12/05",21206.3338,20465.8075,18703.6811404,4963787.10447
"18",19,2,"SOUTHERN GROUP","SISZ02","N","SOUTHERN ISLANDS","SI","CENTRAL REGION","CR","5809FC547293EA2D","2014/12/05",29815.09,23412.5866,25626.9771897,2206319.45627
"19",20,1,"SENTOSA","SISZ01","N","SOUTHERN ISLANDS","SI","CENTRAL REGION","CR","A6FCDC9C447952CB","2014/12/05",27593.9393,25813.3546,17496.1937369,4919132.36978
"20",21,17,"CITY TERMINALS","BMSZ17","N","BUKIT MERAH","BM","CENTRAL REGION","CR","9711879901A8487F","2014/12/05",28387.3388,27536.5671,16805.6555023,3449640.60707
"21",22,10,"ANSON","DTSZ10","Y","DOWNTOWN CORE","DT","CENTRAL REGION","CR","4893F02202845C1D","2014/12/05",29145.35,28466.7783,1586.10005898,103238.482139
"22",23,1,"STRAITS VIEW","SVSZ01","Y","STRAITS VIEW","SV","CENTRAL REGION","CR","21451799CA1AB6EF","2014/12/05",30832.9017,28194.0843,5277.76082729,1127297.23737
"23",24,1,"MARITIME SQUARE","BMSZ01","N","BUKIT MERAH","BM","CENTRAL REGION","CR","C1AC31ABF9978DDB","2014/12/05",25805.7867,27911.4193,13737.116181,2701634.33975
"24",25,14,"TELOK BLANGAH WAY","BMSZ14","N","BUKIT MERAH","BM","CENTRAL REGION","CR","0F0735F1BDDF53C7","2014/12/05",26570.5173,28871.8922,2290.22726176,276826.812461
"25",26,7,"MAXWELL","DTSZ07","Y","DOWNTOWN CORE","DT","CENTRAL REGION","CR","CB2D9FC5CAB792B1","2014/12/05",29392.0478,29096.7539,1419.80185707,63664.9667667
"26",27,8,"CECIL","DTSZ08","Y","DOWNTOWN CORE","DT","CENTRAL REGION","CR","65AA82AF6F4D925D","2014/12/05",29730.1983,29011.3284,2116.09466694,196619.863187
"27",28,11,"KAMPONG TIONG BAHRU","BMSZ11","N","BUKIT MERAH","BM","CENTRAL REGION","CR","CF28DD4E7898CC7B","2014/12/05",27335.8305,28979.7731,3304.06046472,365333.426191
"28",29,13,"TELOK BLANGAH DRIVE","BMSZ13","N","BUKIT MERAH","BM","CENTRAL REGION","CR","54A4BD5ABBBDC5A8","2014/12/05",25280.2612,28791.4606,5317.78168432,1454827.64584
"29",30,14,"PASIR PANJANG 2","QTSZ14","N","QUEENSTOWN","QT","CENTRAL REGION","CR","C6E665749CEADED6","2014/12/05",23692.6385,28894.4099,5797.23131893,853206.571724
"30",31,11,"CENTRAL SUBZONE","DTSZ11","Y","DOWNTOWN CORE","DT","CENTRAL REGION","CR","8EFE9EC1AEF2DA0A","2014/12/05",30125.8367,28683.0399,5002.01615114,1070723.25635
"31",32,5,"SINGAPORE GENERAL HOSPITAL","BMSZ05","N","BUKIT MERAH","BM","CENTRAL REGION","CR","91630902E00FD7B9","2014/12/05",28147.221,29131.0368,2915.28204786,533017.390733
"32",33,12,"DEPOT ROAD","BMSZ12","N","BUKIT MERAH","BM","CENTRAL REGION","CR","102DDFE3D40A95C9","2014/12/05",25244.2071,29407.094,4281.17268085,442502.827591
"33",34,2,"PEOPLE'S PARK","OTSZ02","Y","OUTRAM","OT","CENTRAL REGION","CR","B4120D23006C932A","2014/12/05",28831.7807,29419.6457,1822.1927178,93140.4376422
"34",35,2,"BUKIT MERAH","BMSZ02","N","BUKIT MERAH","BM","CENTRAL REGION","CR","1C51019439A68700","2014/12/05",26360.799,29384.1429,3074.96323452,411722.822583
"35",36,3,"CHINATOWN","OTSZ03","Y","OUTRAM","OT","CENTRAL REGION","CR","0FF1661344C84AED","2014/12/05",29153.9676,29158.0443,4297.59991003,587222.678854
"36",37,4,"PHILLIP","DTSZ04","Y","DOWNTOWN CORE","DT","CENTRAL REGION","CR","615D4EDDEF809F8E","2014/12/05",29706.7242,29744.9079,871.554887798,39437.9352703
"37",38,5,"RAFFLES PLACE","DTSZ05","Y","DOWNTOWN CORE","DT","CENTRAL REGION","CR","72107B11807074F4","2014/12/05",29968.6175,29572.7618,1872.7521612,188767.489706
"38",39,4,"CHINA SQUARE","OTSZ04","Y","OUTRAM","OT","CENTRAL REGION","CR","B609DF5587626C8F","2014/12/05",29509.6437,29646.4495,1605.27969734,133006.936012
"39",40,10,"TIONG BAHRU","BMSZ10","N","BUKIT MERAH","BM","CENTRAL REGION","CR","A0FB4B68155D164A","2014/12/05",27785.672,29590.3951,3303.21489952,448127.584441
"40",41,12,"BAYFRONT SUBZONE","DTSZ12","Y","DOWNTOWN CORE","DT","CENTRAL REGION","CR","197F5E664DA4D5E1","2014/12/05",30806.2418,29530.167,2897.12642569,521200.522376
"41",42,4,"TIONG BAHRU STATION","BMSZ04","N","BUKIT MERAH","BM","CENTRAL REGION","CR","91FFE927ABE3E4DB","2014/12/05",27277.4698,29607.0237,2506.6879191,350787.561421
"42",43,6,"CLIFFORD PIER","DTSZ06","Y","DOWNTOWN CORE","DT","CENTRAL REGION","CR","945CC212CA80626F","2014/12/05",30379.5041,29776.4334,2405.99092471,261843.896816
"43",44,5,"MARINA EAST (MP)","MPSZ05","N","MARINE PARADE","MP","CENTRAL REGION","CR","1575868DF0D30E32","2014/12/05",33715.6975,30512.2476,6657.15139269,1590339.79554
"44",45,3,"MARINA CENTRE","DTSZ03","Y","DOWNTOWN CORE","DT","CENTRAL REGION","CR","2AB099523A1AEAD5","2014/12/05",30938.0985,30471.8267,4047.11116872,886954.8092
"45",46,3,"BRAS BASAH","MUSZ03","Y","MUSEUM","MU","CENTRAL REGION","CR","5A1130F73E65C2D7","2014/12/05",29793.0931,30958.0952,2348.65717267,223206.603187
"46",47,4,"OXLEY","RVSZ04","Y","RIVER VALLEY","RV","CENTRAL REGION","CR","5A22C0945D1794D2","2014/12/05",28802.3555,31053.6717,1989.48702648,200052.684827
"47",48,2,"CITY HALL","DTSZ02","Y","DOWNTOWN CORE","DT","CENTRAL REGION","CR","C3663E9926627289","2014/12/05",30209.0736,30536.5079,4544.16984709,710568.702938
"48",49,6,"MEI CHIN","QTSZ06","N","QUEENSTOWN","QT","CENTRAL REGION","CR","F15BD95C8778DC31","2014/12/05",24651.0693,30651.134,3580.44285697,748683.995863
"49",50,4,"EAST COAST","MPSZ04","N","MARINE PARADE","MP","CENTRAL REGION","CR","768CE19AACFCB9EB","2014/12/05",36386.5261,31338.9016,5333.00867129,591778.999733
"50",51,11,"NATIONAL UNIVERSITY OF S'PORE","QTSZ11","N","QUEENSTOWN","QT","CENTRAL REGION","CR","247B3009E9665A6E","2014/12/05",21688.9243,30930.1213,5625.41689089,1755950.43882
"51",52,1,"ONE TREE HILL","RVSZ01","Y","RIVER VALLEY","RV","CENTRAL REGION","CR","0FF5E50B9581D2BE","2014/12/05",27315.5592,31563.7968,2464.41309401,340743.341645
"52",53,3,"SOMERSET","ORSZ03","Y","ORCHARD","OR","CENTRAL REGION","CR","F70C32D861DD6CA5","2014/12/05",28626.5611,31494.9048,3039.80523249,329437.9332
"53",54,9,"BENCOOLEN","RCSZ09","Y","ROCHOR","RC","CENTRAL REGION","CR","CF8BBFA03E1B0246","2014/12/05",29999.0626,31594.594,1916.09754822,170664.304517
"54",55,3,"LEONIE HILL","RVSZ03","Y","RIVER VALLEY","RV","CENTRAL REGION","CR","29BCAA5838A4EAC0","2014/12/05",28082.9397,31145.1079,2676.35256334,368482.98826
"55",56,15,"PORT","QTSZ15","N","QUEENSTOWN","QT","CENTRAL REGION","CR","543ED13CCC907021","2014/12/05",21576.0765,28788.2172,23438.818536,7601893.99532
"56",57,1,"DHOBY GHAUT","MUSZ01","Y","MUSEUM","MU","CENTRAL REGION","CR","AD3DE26295353551","2014/12/05",29320.0735,31245.7483,2584.78830957,221973.341827
"57",58,1,"BUGIS","DTSZ01","Y","DOWNTOWN CORE","DT","CENTRAL REGION","CR","E042FEB6C937D5A5","2014/12/05",30528.3347,31278.4644,2658.88164763,280174.766696
"58",59,10,"VICTORIA","RCSZ10","Y","ROCHOR","RC","CENTRAL REGION","CR","DD1436D810825828","2014/12/05",30189.2101,31335.7252,2093.77023342,214250.298128
"59",60,2,"PATERSON","RVSZ02","Y","RIVER VALLEY","RV","CENTRAL REGION","CR","350FD169665248C4","2014/12/05",27809.3171,31511.3733,1753.92708041,173121.77362
"60",61,15,"TELOK BLANGAH RISE","BMSZ15","N","BUKIT MERAH","BM","CENTRAL REGION","CR","92F3596780DFCCEA","2014/12/05",27029.9638,28501.6649,3713.83818129,533671.253136
"61",62,9,"TANJONG PAGAR","DTSZ09","Y","DOWNTOWN CORE","DT","CENTRAL REGION","CR","4FFE6642FB35D40A","2014/12/05",29397.831,28706.3515,1787.71045089,145518.663868
"62",63,16,"EVERTON PARK","BMSZ16","N","BUKIT MERAH","BM","CENTRAL REGION","CR","CF9CAD50B0D9A528","2014/12/05",28333.5771,28602.9926,3776.68338771,635704.056667
"63",64,4,"TANGLIN HALT","QTSZ04","N","QUEENSTOWN","QT","CENTRAL REGION","CR","5903D38684211B10","2014/12/05",23925.4408,31512.7857,3556.22909388,503220.751387
"64",65,6,"MACKENZIE","RCSZ06","Y","ROCHOR","RC","CENTRAL REGION","CR","D51BAF9568A828F4","2014/12/05",29680.0182,32062.9263,1216.48063087,55681.2824833
"65",66,3,"SUNGEI ROAD","RCSZ03","Y","ROCHOR","RC","CENTRAL REGION","CR","31DE89B5FC57F46A","2014/12/05",30601.3445,32003.1028,1727.96350256,116329.996565
"66",67,8,"ONE NORTH","QTSZ08","N","QUEENSTOWN","QT","CENTRAL REGION","CR","D437A9A68F04D2D4","2014/12/05",23299.2437,31176.1605,6591.90791444,2051652.62174
"67",68,5,"TANJONG RHU","KLSZ05","N","KALLANG","KL","CENTRAL REGION","CR","928DCE8E44F904C8","2014/12/05",32740.1208,31438.3084,6515.75857503,2434594.02911
"68",69,1,"MOUNTBATTEN","MPSZ01","N","MARINE PARADE","MP","CENTRAL REGION","CR","A9F9036C2E4F7623","2014/12/05",34449.7044,31557.7446,5430.26706103,1713623.00464
"69",70,3,"COMMONWEALTH","QTSZ03","N","QUEENSTOWN","QT","CENTRAL REGION","CR","2423D1D91E730899","2014/12/05",24278.7709,31919.97,2713.42997115,310513.647374
"70",71,10,"DOVER","QTSZ10","N","QUEENSTOWN","QT","CENTRAL REGION","CR","D79DDCEC02F8DF37","2014/12/05",22015.5324,31800.5247,5637.72200807,1386643.31588
"71",72,3,"RIDOUT","TNSZ03","N","TANGLIN","TN","CENTRAL REGION","CR","664D9D93F09E7CD1","2014/12/05",25568.3077,31752.6686,6450.97287923,1951865.75496
"72",73,4,"CAIRNHILL","NTSZ04","Y","NEWTON","NT","CENTRAL REGION","CR","8B79CA72836AD7A6","2014/12/05",28482.6672,32108.1919,3853.9004233,452471.831819
"73",74,8,"CLEMENTI WEST","CLSZ08","N","CLEMENTI","CL","WEST REGION","WR","22F5FFEEEB8E5284","2014/12/05",20184.3508,31651.8834,5211.86752843,697501.714348
"74",75,6,"TUAS VIEW EXTENSION","TSSZ06","N","TUAS","TS","WEST REGION","WR","D2A66C8A6232EA9A","2014/12/05",5092.8949,26137.8735,54928.0938742,27710950.0754
"75",76,5,"MONK'S HILL","NTSZ05","Y","NEWTON","NT","CENTRAL REGION","CR","23972F8A61891E05","2014/12/05",28922.8456,32259.7856,2446.73341643,171720.62073
"76",77,7,"SIGLAP","BDSZ07","N","BEDOK","BD","EAST REGION","ER","9483FA426FD007AE","2014/12/05",38435.4679,32101.8812,5436.89053335,1097833.70302
"77",78,7,"CLEMENTI WOODS","CLSZ07","N","CLEMENTI","CL","WEST REGION","WR","F01FB50693FE0377","2014/12/05",20764.198,31824.7421,5275.7493598,1053493.74727
"78",79,5,"PIONEER SECTOR","PNSZ05","N","PIONEER","PN","WEST REGION","WR","F3241D6C0FEF13ED","2014/12/05",8872.7501,31423.4434,8489.98257786,2796006.82811
"79",80,10,"PENJURU CRESCENT","JESZ10","N","JURONG EAST","JE","WEST REGION","WR","BC263278706376DE","2014/12/05",17651.309,31799.6102,9876.04909187,3049720.08234
"80",81,1,"ORANGE GROVE","NTSZ01","Y","NEWTON","NT","CENTRAL REGION","CR","136BF08C36E3A625","2014/12/05",27668.1841,32484.764,2476.24629755,336221.494096
"81",82,4,"KAMPONG BUGIS","KLSZ04","N","KALLANG","KL","CENTRAL REGION","CR","0524461C92F35D94","2014/12/05",32138.2216,32275.6907,4018.1276215,741437.992244
"82",83,2,"BOULEVARD","ORSZ02","Y","ORCHARD","OR","CENTRAL REGION","CR","B26DFAF98B8F3E52","2014/12/05",27916.9271,31967.0064,4109.23134961,460550.429848
"83",84,6,"ISTANA NEGARA","NTSZ06","Y","NEWTON","NT","CENTRAL REGION","CR","A2FE23F6A19B509D","2014/12/05",29226.8284,31963.2894,3730.3410543,543483.68099
"84",85,2,"LITTLE INDIA","RCSZ02","Y","ROCHOR","RC","CENTRAL REGION","CR","BEC03B4580EB622F","2014/12/05",30307.5102,32122.9908,2203.28025819,278303.543296
"85",86,4,"GUL BASIN","PNSZ04","N","PIONEER","PN","WEST REGION","WR","482D973AA378FFF0","2014/12/05",10327.4233,31746.7616,9465.2221829,1769495.16101
"86",87,2,"FORT CANNING","MUSZ02","Y","MUSEUM","MU","CENTRAL REGION","CR","B3E02024E600E8BA","2014/12/05",29413.9718,30713.0723,2585.22940432,385093.113447
"87",88,8,"FARRER COURT","BTSZ08","N","BUKIT TIMAH","BT","CENTRAL REGION","CR","709639180E81EC72","2014/12/05",24862.8217,33234.7951,4192.28952799,558760.531596
"88",89,5,"TUAS VIEW","TSSZ05","N","TUAS","TS","WEST REGION","WR","AE9636556732D218","2014/12/05",5753.6337,31501.4549,11013.6244854,5675810.84629
"89",90,1,"NASSIM","TNSZ01","N","TANGLIN","TN","CENTRAL REGION","CR","960862F1C1B08BFA","2014/12/05",27002.6928,32905.576,6241.33287686,2096085.23018
"90",91,5,"WEST COAST","CLSZ05","N","CLEMENTI","CL","WEST REGION","WR","0BE668D9B5368B3F","2014/12/05",19293.7625,33172.6228,3644.13182846,722588.683702
"91",92,8,"BAYSHORE","BDSZ08","N","BEDOK","BD","EAST REGION","ER","9767E56D0C09A484","2014/12/05",40835.377,32903.5965,8698.59695849,2550461.67338
"92",93,3,"BENOI SECTOR","PNSZ03","N","PIONEER","PN","WEST REGION","WR","7CD74371F5BAD860","2014/12/05",11668.2441,33336.5267,6249.47706765,2042630.98025
"93",94,2,"GUL CIRCLE","PNSZ02","N","PIONEER","PN","WEST REGION","WR","029BD940F4455194","2014/12/05",9693.9712,33074.429,7268.45075202,3260399.45892
"94",95,2,"CHATSWORTH","TNSZ02","N","TANGLIN","TN","CENTRAL REGION","CR","06B9FD8607810069","2014/12/05",26896.4019,31045.0187,5469.44109516,1346152.77734
"95",96,5,"KAMPONG GLAM","RCSZ05","Y","ROCHOR","RC","CENTRAL REGION","CR","DCC789993ED54477","2014/12/05",30934.989,31623.1483,1681.62699512,171334.391974
"96",97,8,"SELEGIE","RCSZ08","Y","ROCHOR","RC","CENTRAL REGION","CR","E8FA232C5BEEA956","2014/12/05",29817.3304,31611.0039,1478.0499695,49626.0183312
"97",98,7,"MOUNT EMILY","RCSZ07","Y","ROCHOR","RC","CENTRAL REGION","CR","D8225E737A6496B4","2014/12/05",29583.2555,31639.481,2301.23030004,193992.345278
"98",99,4,"ROCHOR CANAL","RCSZ04","Y","ROCHOR","RC","CENTRAL REGION","CR","6DFA7E9068F7B4CE","2014/12/05",30693.783,31819.1316,1686.00945279,120171.321214
"99",100,9,"CRAWFORD","KLSZ09","N","KALLANG","KL","CENTRAL REGION","CR","97A1E6DEEC6C442D","2014/12/05",31396.8906,31457.287,4634.78429572,850853.913774
"100",101,5,"MARGARET DRIVE","QTSZ05","N","QUEENSTOWN","QT","CENTRAL REGION","CR","F7ADADFB700DFB84","2014/12/05",25202.7614,31065.9731,5969.64503933,1026467.39276
"101",102,1,"TANGLIN","ORSZ01","Y","ORCHARD","OR","CENTRAL REGION","CR","876C892801F74239","2014/12/05",27162.8757,31905.7324,1864.48866532,167537.065384
"102",103,3,"MARINE PARADE","MPSZ03","N","MARINE PARADE","MP","CENTRAL REGION","CR","44613908A004F20C","2014/12/05",36263.9827,31684.2656,6019.27909596,1160017.47826
"103",104,7,"JURONG RIVER","JESZ07","N","JURONG EAST","JE","WEST REGION","WR","4B0C61FF99008ACC","2014/12/05",16367.556,33519.9926,6612.90323098,2560995.93713
"104",105,2,"GEYLANG BAHRU","KLSZ02","N","KALLANG","KL","CENTRAL REGION","CR","F1279A5E67F0E58D","2014/12/05",32110.0626,33765.6746,3745.03401723,735502.226424
"105",106,3,"FABER","CLSZ03","N","CLEMENTI","CL","WEST REGION","WR","180FC14DBEF3A0A4","2014/12/05",19489.6559,33800.8662,4665.75598129,948158.913543
"106",107,3,"MALCOLM","NVSZ03","N","NOVENA","NV","CENTRAL REGION","CR","554AD3E3224BB5DD","2014/12/05",28070.2584,33930.2568,5346.80971968,1321089.88086
"107",108,6,"BEDOK SOUTH","BDSZ06","N","BEDOK","BD","EAST REGION","ER","1E89C4218E6421C2","2014/12/05",40379.4208,33744.2238,7811.58902531,2997307.45855
"108",109,1,"BENDEMEER","KLSZ01","N","KALLANG","KL","CENTRAL REGION","CR","69C9F7CD6F08EA3A","2014/12/05",31175.9571,33827.9445,5603.00091056,1376830.04527
"109",110,1,"BALESTIER","NVSZ01","N","NOVENA","NV","CENTRAL REGION","CR","779D071A741FD0DE","2014/12/05",29975.2639,34194.0676,6804.34101071,1926622.00223
"110",111,4,"TUAS BAY","TSSZ04","N","TUAS","TS","WEST REGION","WR","B16AC41469AD9EB5","2014/12/05",6921.1588,33401.4189,10583.7111263,3203306.03725
"111",112,1,"JOO KOON","PNSZ01","N","PIONEER","PN","WEST REGION","WR","B1041F5E831D2636","2014/12/05",10883.9466,34203.6959,8601.20281636,2349378.26566
"112",113,1,"KALLANG WAY","GLSZ01","N","GEYLANG","GL","CENTRAL REGION","CR","C96E4D530743AF4C","2014/12/05",32761.4923,34229.7192,4055.20272344,963198.879403
"113",114,6,"INTERNATIONAL BUSINESS PARK","JESZ06","N","JURONG EAST","JE","WEST REGION","WR","98C98587CD02475A","2014/12/05",18514.5995,34285.7972,3024.27583667,485022.306405
"114",115,1,"TUKANG","BLSZ01","N","BOON LAY","BL","WEST REGION","WR","6CCF8637EBA7EA5E","2014/12/05",14192.4654,34209.5506,6899.99945558,1881305.82858
"115",116,6,"CORONATION ROAD","BTSZ06","N","BUKIT TIMAH","BT","CENTRAL REGION","CR","5DB075FA57F73ADC","2014/12/05",24463.149,34200.3339,5905.90419263,1425083.17679
"116",117,3,"KEMBANGAN","BDSZ03","N","BEDOK","BD","EAST REGION","ER","528DB1419283465B","2014/12/05",37158.7015,34115.9683,6785.11170732,2387277.5316
"117",118,2,"KATONG","MPSZ02","N","MARINE PARADE","MP","CENTRAL REGION","CR","55705659E2A91D11","2014/12/05",35680.9007,32176.3506,5062.81485069,1078992.02528
"118",119,2,"HOLLAND DRIVE","QTSZ02","N","QUEENSTOWN","QT","CENTRAL REGION","CR","A29DC7655F65E7B3","2014/12/05",23711.437,32294.7721,3420.32933726,459546.285817
"119",120,1,"FARRER PARK","RCSZ01","Y","ROCHOR","RC","CENTRAL REGION","CR","710C13F4E3EDBBE6","2014/12/05",30093.4152,32386.2107,2540.96036282,247887.633021
"120",121,3,"NEWTON CIRCUS","NTSZ03","Y","NEWTON","NT","CENTRAL REGION","CR","8B2F19EEE51EDA60","2014/12/05",28587.1626,32653.9428,2399.40729971,213581.642042
"121",122,9,"JURONG PORT","JESZ09","N","JURONG EAST","JE","WEST REGION","WR","0664CA7EF6504AE5","2014/12/05",15250.7433,32183.916,11355.0022243,2464856.70116
"122",123,3,"SAMULUN","BLSZ03","N","BOON LAY","BL","WEST REGION","WR","F78E0287D3F24214","2014/12/05",13418.4922,32264.5933,8738.67938511,1940693.42432
"123",124,4,"SHIPYARD","BLSZ04","N","BOON LAY","BL","WEST REGION","WR","274A049950D70524","2014/12/05",11970.1428,32202.3854,6422.04211201,2118499.40876
"124",125,1,"GHIM MOH","QTSZ01","N","QUEENSTOWN","QT","CENTRAL REGION","CR","00F5E30B5C9B7AD8","2014/12/05",22899.1897,32579.9353,3223.64550359,485046.922717
"125",126,6,"LAVENDER","KLSZ06","N","KALLANG","KL","CENTRAL REGION","CR","A7A07F328A38B6EF","2014/12/05",30874.4064,32569.5264,3609.15046338,757907.611102
"126",127,2,"GOODWOOD PARK","NTSZ02","Y","NEWTON","NT","CENTRAL REGION","CR","254596A2516A7DBA","2014/12/05",28108.8807,32875.267,2798.59850101,351242.253602
"127",128,9,"PANDAN","CLSZ09","N","CLEMENTI","CL","WEST REGION","WR","A6EE4A49376B69C4","2014/12/05",19228.6033,32265.401,5689.64694413,1312922.68121
"128",129,9,"SINGAPORE POLYTECHNIC","QTSZ09","N","QUEENSTOWN","QT","CENTRAL REGION","CR","8E9608C7B3B27AD7","2014/12/05",21751.751,32627.8947,4666.97006782,946651.418645
"129",130,6,"CLEMENTI CENTRAL","CLSZ06","N","CLEMENTI","CL","WEST REGION","WR","B2C4E087B443854E","2014/12/05",20183.4496,32707.5394,3630.18922323,748043.276728
"130",131,7,"KAMPONG JAVA","KLSZ07","N","KALLANG","KL","CENTRAL REGION","CR","B548D80BC47261CB","2014/12/05",29891.5311,32888.5297,4344.61217096,1022292.30058
"131",132,3,"BOON KENG","KLSZ03","N","KALLANG","KL","CENTRAL REGION","CR","0D1D1759D7BC6D6C","2014/12/05",32338.3212,33018.7607,2972.11104541,410994.544702
"132",133,8,"KALLANG BAHRU","KLSZ08","N","KALLANG","KL","CENTRAL REGION","CR","F605DD67E5154CFB","2014/12/05",31579.2889,32929.5276,3710.90460199,839488.977186
"133",134,4,"ULU PANDAN","BTSZ04","N","BUKIT TIMAH","BT","CENTRAL REGION","CR","FF2AA0D68743AE28","2014/12/05",22210.5093,33177.2208,6626.66718328,1228487.73417
"134",135,5,"JURONG GATEWAY","JESZ05","N","JURONG EAST","JE","WEST REGION","WR","857DAA77ED3346BF","2014/12/05",17912.9778,35033.9061,3096.9841099,554623.675717
"135",136,3,"HOLLAND ROAD","BTSZ03","N","BUKIT TIMAH","BT","CENTRAL REGION","CR","12A4B25B07B14D08","2014/12/05",22485.0193,34364.2896,8185.19732328,3392897.36359
"136",137,3,"KAMPONG UBI","GLSZ03","N","GEYLANG","GL","CENTRAL REGION","CR","12CC0A25547E67F9","2014/12/05",35039.5495,34647.2633,5573.53291765,1878092.47786
"137",138,11,"SENNETT","TPSZ11","N","TOA PAYOH","TP","CENTRAL REGION","CR","323E7ABC6E27B92B","2014/12/05",32485.4898,35050.1965,3836.10579302,867750.437332
"138",139,9,"POTONG PASIR","TPSZ09","N","TOA PAYOH","TP","CENTRAL REGION","CR","C54D6A4E4D1A775C","2014/12/05",31596.799,35028.1043,3496.88166396,639143.559357
"139",140,3,"TUAS NORTH","TSSZ03","N","TUAS","TS","WEST REGION","WR","1CD927A110152200","2014/12/05",7737.0329,34331.0851,7702.82494807,3260150.8569
"140",141,6,"PEI CHUN","TPSZ06","N","TOA PAYOH","TP","CENTRAL REGION","CR","E896DA37D43AE86B","2014/12/05",30814.3282,35440.9703,2901.78941605,411403.937128
"141",142,4,"BOON TECK","TPSZ04","N","TOA PAYOH","TP","CENTRAL REGION","CR","3FBAA35FE787D703","2014/12/05",30193.1349,35272.7474,2626.13659251,418657.358301
"142",143,6,"KIAN TECK","JWSZ06","N","JURONG WEST","JW","WEST REGION","WR","9B1413350A34D0D4","2014/12/05",12929.7451,34857.7532,8830.55525832,2098176.49641
"143",144,7,"SAFTI","JWSZ07","N","JURONG WEST","JW","WEST REGION","WR","A5DB0CB48852975E","2014/12/05",11290.2674,35199.6704,5137.71777156,1524551.33501
"144",145,8,"WOODLEIGH","TPSZ08","N","TOA PAYOH","TP","CENTRAL REGION","CR","FA35D874BD766895","2014/12/05",31670.4785,35799.9019,3778.89057411,813382.981369
"145",146,4,"TAMAN JURONG","JWSZ04","N","JURONG WEST","JW","WEST REGION","WR","832B7D27EAD276CE","2014/12/05",15522.0362,35189.1395,6583.69409641,1484296.47314
"146",147,4,"LAKESIDE","JESZ04","N","JURONG EAST","JE","WEST REGION","WR","3BBFD45071B70ECF","2014/12/05",16697.0118,35114.9062,8828.63382968,3108023.27378
"147",148,1,"TOA PAYOH WEST","TPSZ01","N","TOA PAYOH","TP","CENTRAL REGION","CR","F09D85529E92E6F5","2014/12/05",28943.1923,35787.3478,4516.83996636,1037281.09446
"148",149,1,"KAKI BUKIT","BDSZ01","N","BEDOK","BD","EAST REGION","ER","0E5F89C6D8042867","2014/12/05",36485.3951,35307.0408,8153.88813505,2820171.67856
"149",150,2,"YUHUA EAST","JESZ02","N","JURONG EAST","JE","WEST REGION","WR","703D4A0324A15A14","2014/12/05",17485.1754,35841.78,4018.42101743,924762.477405
"150",151,9,"BUKIT BATOK SOUTH","BKSZ09","N","BUKIT BATOK","BK","WEST REGION","WR","D5DC9A5BC8BC1AC1","2014/12/05",19631.873,35910.9635,6998.80592435,1806553.07643
"151",152,9,"JURONG WEST CENTRAL","JWSZ09","N","JURONG WEST","JW","WEST REGION","WR","1D90F8ED7A36C82C","2014/12/05",13396.6261,35811.7261,4649.79715009,1404536.64286
"152",153,2,"BEDOK RESERVOIR","BDSZ02","N","BEDOK","BD","EAST REGION","ER","F3CEF1310CE15C52","2014/12/05",38351.1166,35800.6076,6899.52590019,2379331.52887
"153",154,1,"TOH TUCK","CLSZ01","N","CLEMENTI","CL","WEST REGION","WR","0E1BA5E467E89BE8","2014/12/05",19433.1204,34884.2481,6119.88349736,2077796.54659
"154",155,5,"MOUNT PLEASANT","NVSZ05","N","NOVENA","NV","CENTRAL REGION","CR","F910FC998DE2CB15","2014/12/05",27515.3125,35112.6183,7234.11074506,3142950.10821
"155",156,5,"HILLCREST","BTSZ05","N","BUKIT TIMAH","BT","CENTRAL REGION","CR","1DC35394CBDDDADD","2014/12/05",25207.8426,35039.2942,7428.70026068,2636483.25871
"156",157,12,"JOO SENG","TPSZ12","N","TOA PAYOH","TP","CENTRAL REGION","CR","33EC42B8FE3B21D0","2014/12/05",33454.069,35419.7276,4254.53133336,1057165.2442
"157",158,5,"CHIN BEE","JWSZ05","N","JURONG WEST","JW","WEST REGION","WR","E40040F5493ECE07","2014/12/05",14631.8059,35240.9703,4899.0339574,1287949.82452
"158",159,5,"LORONG 8 TOA PAYOH","TPSZ05","N","TOA PAYOH","TP","CENTRAL REGION","CR","4A20B4AB7C41B9D6","2014/12/05",30646.8429,35893.1126,3271.27119241,439646.761558
"159",160,3,"TOH GUAN","JESZ03","N","JURONG EAST","JE","WEST REGION","WR","013B509B8EDF15BE","2014/12/05",18294.1774,35518.17,4462.31441206,746882.302318
"160",161,3,"BRADDELL","TPSZ03","N","TOA PAYOH","TP","CENTRAL REGION","CR","849909336BD70CC9","2014/12/05",29811.6006,35855.51,3513.75693546,446241.791875
"161",162,10,"BIDADARI","TPSZ10","N","TOA PAYOH","TP","CENTRAL REGION","CR","B522727043B8AF0C","2014/12/05",32632.5394,35918.015,3323.74283763,572502.13978
"162",163,4,"ALJUNIED","GLSZ04","N","GEYLANG","GL","CENTRAL REGION","CR","83AFAB768B6B2B66","2014/12/05",33592.5759,32970.8301,7100.69907893,2959367.62528
"163",164,4,"TYERSALL","TNSZ04","N","TANGLIN","TN","CENTRAL REGION","CR","DAC6AB8C67377C3B","2014/12/05",25732.6536,32985.8494,6430.98614739,2158289.71575
"164",165,2,"MOULMEIN","NVSZ02","N","NOVENA","NV","CENTRAL REGION","CR","50F53AE70EC1A4A3","2014/12/05",29057.4415,33323.9221,5388.74193777,1347456.01144
"165",166,2,"LIU FANG","BLSZ02","N","BOON LAY","BL","WEST REGION","WR","E793F02FC4904B9B","2014/12/05",14079.1004,33391.5623,7135.44250052,2338909.48885
"166",167,5,"FRANKEL","BDSZ05","N","BEDOK","BD","EAST REGION","ER","B34F041CC4B050EC","2014/12/05",37694.5519,33007.2679,8750.38629062,4297140.71352
"167",168,4,"CLEMENTI NORTH","CLSZ04","N","CLEMENTI","CL","WEST REGION","WR","FE2A39D748C39557","2014/12/05",20613.245,33368.8225,4251.4453646,991039.780668
"168",169,7,"LEEDON PARK","BTSZ07","N","BUKIT TIMAH","BT","CENTRAL REGION","CR","BE682D8040DECFEA","2014/12/05",23947.764,33247.6811,7565.17005339,2049551.24988
"169",170,5,"GEYLANG EAST","GLSZ05","N","GEYLANG","GL","CENTRAL REGION","CR","58687154BD252A0A","2014/12/05",35237.1681,33246.0587,7028.34007067,2579087.16991
"170",171,8,"TEBAN GARDENS","JESZ08","N","JURONG EAST","JE","WEST REGION","WR","B2B5A419BCAB53ED","2014/12/05",17965.7225,33016.3403,8204.29735041,3187584.07511
"171",172,2,"BOON LAY PLACE","JWSZ02","N","JURONG WEST","JW","WEST REGION","WR","87E39292C52D96D3","2014/12/05",14403.7788,36444.6275,3708.36628096,906317.390679
"172",173,8,"BUKIT BATOK EAST","BKSZ08","N","BUKIT BATOK","BK","WEST REGION","WR","7CED8DCEA0FF3FC1","2014/12/05",19566.3613,36806.3015,2619.55237227,380201.80276
"173",174,6,"BUKIT BATOK WEST","BKSZ06","N","BUKIT BATOK","BK","WEST REGION","WR","2CB400C307F6BCD9","2014/12/05",17865.8838,36623.2134,3414.79942773,526383.352815
"174",175,7,"BUKIT BATOK CENTRAL","BKSZ07","N","BUKIT BATOK","BK","WEST REGION","WR","4CE31051AB87CA5E","2014/12/05",18773.5578,36680.0524,3782.82695881,800298.564475
"175",176,7,"UPPER PAYA LEBAR","SGSZ07","N","SERANGOON","SG","NORTH-EAST REGION","NER","85166B505D7B3F6B","2014/12/05",32866.5229,36522.0741,4658.99942771,898561.299578
"176",177,3,"HONG KAH","JWSZ03","N","JURONG WEST","JW","WEST REGION","WR","714E35D7866DC63D","2014/12/05",15507.9346,36890.281,5589.78456121,1793463.63135
"177",178,2,"TUAS PROMENADE","TSSZ02","N","TUAS","TS","WEST REGION","WR","F2BFB371A2C0DEFA","2014/12/05",5918.9956,34910.5821,13318.7733951,3188097.30624
"178",179,4,"AIRPORT ROAD","PLSZ04","N","PAYA LEBAR","PL","EAST REGION","ER","2C840AED9CEFDB07","2014/12/05",35133.3154,37075.3184,3433.88480442,494504.068137
"179",180,6,"SERANGOON CENTRAL","SGSZ06","N","SERANGOON","SG","NORTH-EAST REGION","NER","3E0A343DED145DD2","2014/12/05",32157.3746,37148.607,4784.62316929,1061889.35276
"180",181,3,"BISHAN EAST","BSSZ03","N","BISHAN","BS","CENTRAL REGION","CR","54980EC3DD176721","2014/12/05",30191.9092,36882.1939,5680.71940217,1794461.26208
"181",182,3,"TAMPINES WEST","TMSZ03","N","TAMPINES","TM","EAST REGION","ER","2E3EA3D1BBF9A601","2014/12/05",39421.6571,36739.2069,8058.33566026,3475209.88855
"182",183,3,"BRICKWORKS","BKSZ03","N","BUKIT BATOK","BK","WEST REGION","WR","56BA53C9A2E97051","2014/12/05",17861.6364,37527.3344,4392.36221458,1225673.64889
"183",184,9,"DEFU INDUSTRIAL PARK","HGSZ09","N","HOUGANG","HG","NORTH-EAST REGION","NER","6BA8E702DD748D19","2014/12/05",34951.3961,37089.433,8517.59616931,1974371.71185
"184",185,4,"GUILIN","BKSZ04","N","BUKIT BATOK","BK","WEST REGION","WR","1EC9354628DA67BE","2014/12/05",19151.8276,37505.9793,5564.33323058,1085080.08317
"185",186,2,"MARYMOUNT","BSSZ02","N","BISHAN","BS","CENTRAL REGION","CR","1363543F3E7844CC","2014/12/05",29287.5853,37383.764,6383.4792728,1964134.53195
"186",187,1,"WENYA","JWSZ01","N","JURONG WEST","JW","WEST REGION","WR","A6921D5CCCE1A298","2014/12/05",13953.5271,37532.7209,5864.5928175,1974943.2446
"187",188,7,"NATURE RESERVE","BPSZ07","N","BUKIT PANJANG","BP","WEST REGION","WR","5E964070D9B0D244","2014/12/05",21822.6273,37285.2615,9051.90911918,4141322.4309
"188",189,2,"TAMPINES EAST","TMSZ02","N","TAMPINES","TM","EAST REGION","ER","21658EAAF84F4D8D","2014/12/05",41122.547,37392.389,10180.6240914,4339824.13578
"189",190,8,"TAI SENG","HGSZ08","N","HOUGANG","HG","NORTH-EAST REGION","NER","83A61CB3DD808C5B","2014/12/05",34043.0454,36213.0116,6396.62838397,1796058.93468
"190",191,1,"TENGEH","TSSZ01","N","TUAS","TS","WEST REGION","WR","A74ED9CED03678BA","2014/12/05",7798.1677,35535.6127,9918.46418022,2251155.70408
"191",192,1,"YUHUA WEST","JESZ01","N","JURONG EAST","JE","WEST REGION","WR","6C125B9A8CCB91DA","2014/12/05",16721.2525,36571.2646,3817.52107182,776142.492476
"192",193,8,"YUNNAN","JWSZ08","N","JURONG WEST","JW","WEST REGION","WR","D3B6116B19FF864D","2014/12/05",12593.1412,36299.9335,7192.20867524,2206305.0091
"193",194,5,"LORONG CHUAN","SGSZ05","N","SERANGOON","SG","NORTH-EAST REGION","NER","8CF45D8EE07ED019","2014/12/05",31327.7628,36732.6316,5440.34732379,1180126.1115
"194",195,4,"DUNEARN","NVSZ04","N","NOVENA","NV","CENTRAL REGION","CR","E55224E9EB1AAB39","2014/12/05",26525.5278,34268.8547,4827.40826399,1229894.41654
"195",196,2,"SUNSET WAY","CLSZ02","N","CLEMENTI","CL","WEST REGION","WR","D310037B2BD7FD2C","2014/12/05",20805.3131,34279.4521,4572.13049642,964682.679273
"196",197,2,"MACPHERSON","GLSZ02","N","GEYLANG","GL","CENTRAL REGION","CR","A6E1CADF14D4862F","2014/12/05",33774.3483,34399.1614,4585.78817982,1263409.40397
"197",198,7,"KIM KEAT","TPSZ07","N","TOA PAYOH","TP","CENTRAL REGION","CR","7E3E15992F058B10","2014/12/05",30817.6061,34898.8968,2500.85227084,369770.56315
"198",199,4,"BEDOK NORTH","BDSZ04","N","BEDOK","BD","EAST REGION","ER","A2254301F85C1EDF","2014/12/05",39429.2104,34737.6194,8414.96210185,3203663.49324
"199",200,2,"TOA PAYOH CENTRAL","TPSZ02","N","TOA PAYOH","TP","CENTRAL REGION","CR","F05298981CE86DAB","2014/12/05",29409.7438,34982.1962,5201.96875215,1107267.03579
"200",201,1,"PAYA LEBAR NORTH","PLSZ01","N","PAYA LEBAR","PL","EAST REGION","ER","3B624AD13872144A","2014/12/05",38291.9788,39463.3319,4812.86290481,1287387.26346
"201",202,3,"HOUGANG EAST","HGSZ03","N","HOUGANG","HG","NORTH-EAST REGION","NER","EED5DED3CE2CF722","2014/12/05",35128.0008,39812.3857,3960.44686192,842667.626122
"202",203,10,"LORONG HALUS","HGSZ10","N","HOUGANG","HG","NORTH-EAST REGION","NER","F0518D430182A509","2014/12/05",35870.2568,39071.4384,5788.96000094,1333532.9862
"203",204,2,"KANGKAR","HGSZ02","N","HOUGANG","HG","NORTH-EAST REGION","NER","BE2E2BB27D14DC52","2014/12/05",35222.4409,39071.3399,5617.43081118,1007410.00225
"204",205,7,"SEMBAWANG HILLS","AMSZ07","N","ANG MO KIO","AM","NORTH-EAST REGION","NER","FE6D048ED663500B","2014/12/05",27715.9236,39634.529,4326.11127378,894516.075765
"205",206,5,"JELEBU","BPSZ05","N","BUKIT PANJANG","BP","WEST REGION","WR","61A034F12715D43D","2014/12/05",20535.3901,39769.4445,3992.42603071,911208.285046
"206",207,2,"KEAT HONG","CKSZ02","N","CHOA CHU KANG","CK","WEST REGION","WR","8ADEB58B9C197CD0","2014/12/05",18333.674,39720.6197,4680.78329119,1143813.67458
"207",208,4,"HOUGANG WEST","HGSZ04","N","HOUGANG","HG","NORTH-EAST REGION","NER","27B0E0BDE3579753","2014/12/05",33849.2205,39506.8724,6424.48213864,1328876.19766
"208",209,3,"PAYA LEBAR WEST","PLSZ03","N","PAYA LEBAR","PL","EAST REGION","ER","4BADA58E2612A6E2","2014/12/05",36649.3106,39403.4873,5898.47569455,609894.668049
"209",210,4,"BANGKIT","BPSZ04","N","BUKIT PANJANG","BP","WEST REGION","WR","434BCF269E20F681","2014/12/05",21431.2286,39899.5272,4350.13572206,763183.429445
"210",211,1,"ANAK BUKIT","BTSZ01","N","BUKIT TIMAH","BT","CENTRAL REGION","CR","22AC7070AFD473BD","2014/12/05",21127.1918,35561.884,7637.80947893,2768353.55736
"211",212,2,"SWISS CLUB","BTSZ02","N","BUKIT TIMAH","BT","CENTRAL REGION","CR","7AED94EB01C4B0C6","2014/12/05",23436.2688,35866.3679,8976.74405286,3467036.98458
"212",213,5,"XILIN","TMSZ05","N","TAMPINES","TM","EAST REGION","ER","1511CC4BB4BE642B","2014/12/05",43110.6141,34607.3132,12926.0469938,7833992.84483
"213",214,4,"SIMEI","TMSZ04","N","TAMPINES","TM","EAST REGION","ER","80BC46AD51E70C08","2014/12/05",41431.0631,35870.7852,7402.56077942,2778635.6553
"214",215,4,"PENG SIANG","CKSZ04","N","CHOA CHU KANG","CK","WEST REGION","WR","38D2C20DFB2C1BB6","2014/12/05",17462.292,40146.4113,4555.05795281,862737.090793
"215",216,2,"PASIR RIS WEST","PRSZ02","N","PASIR RIS","PR","EAST REGION","ER","504681216FE2A24B","2014/12/05",39851.4092,40140.2237,5128.49489035,1583440.16442
"216",217,9,"YIO CHU KANG WEST","AMSZ09","N","ANG MO KIO","AM","NORTH-EAST REGION","NER","34215498CFFEE6DF","2014/12/05",28750.4979,40360.6262,3707.00572695,846137.19731
"217",218,5,"TRAFALGAR","HGSZ05","N","HOUGANG","HG","NORTH-EAST REGION","NER","86A32783BB5CDD32","2014/12/05",33351.5218,40336.7975,6199.26749111,1744387.40739
"218",219,1,"TECK WHYE","CKSZ01","N","CHOA CHU KANG","CK","WEST REGION","WR","B0AC5DFFC3C9CC3B","2014/12/05",19269.9942,40394.105,4531.98145589,1001591.78599
"219",220,3,"CHOA CHU KANG CENTRAL","CKSZ03","N","CHOA CHU KANG","CK","WEST REGION","WR","CCB9716DE31DDEF5","2014/12/05",18465.672,40772.9207,4202.49660819,1097298.79854
"220",221,2,"CHANGI WEST","CHSZ02","N","CHANGI","CH","EAST REGION","ER","7460F2CFB1D7D36C","2014/12/05",44092.338,38928.6585,14918.1082207,4848516.74046
"221",222,3,"FAJAR","BPSZ03","N","BUKIT PANJANG","BP","WEST REGION","WR","2F183C2676E91CD1","2014/12/05",21080.9573,40748.0926,3800.60894051,668454.439261
"222",223,1,"SENJA","BPSZ01","N","BUKIT PANJANG","BP","WEST REGION","WR","E8D08EFDCD0D5E22","2014/12/05",19897.9466,40895.3637,3836.25422873,624877.500116
"223",224,2,"SAUJANA","BPSZ02","N","BUKIT PANJANG","BP","WEST REGION","WR","BAD02A93A41830EC","2014/12/05",20536.7145,40906.6531,3686.69056677,674992.000939
"224",225,1,"SELETAR HILLS","SGSZ01","N","SERANGOON","SG","NORTH-EAST REGION","NER","AE4E2159139560B6","2014/12/05",31676.9626,40603.1989,6498.65107142,2330683.26442
"225",226,5,"COMPASSVALE","SESZ05","N","SENGKANG","SE","NORTH-EAST REGION","NER","380E7DCFD2E09905","2014/12/05",34304.2505,40761.0908,5216.01738046,1093213.49087
"226",227,12,"YIO CHU KANG EAST","AMSZ12","N","ANG MO KIO","AM","NORTH-EAST REGION","NER","75F91E9882406325","2014/12/05",30234.3682,40602.6508,5592.19108104,1861872.04192
"227",228,10,"YIO CHU KANG","AMSZ10","N","ANG MO KIO","AM","NORTH-EAST REGION","NER","5E2B16BB381BAEA4","2014/12/05",29443.7447,40836.0207,4533.21836353,909418.567689
"228",229,6,"LOYANG WEST","PRSZ06","N","PASIR RIS","PR","EAST REGION","ER","05FD555397CBEE7A","2014/12/05",43294.8337,39888.7716,6203.00206517,2114789.48841
"229",230,8,"TAGORE","AMSZ08","N","ANG MO KIO","AM","NORTH-EAST REGION","NER","DECC20CBAF2CD0C4","2014/12/05",27445.7713,40971.4244,8162.60017367,3334192.44169
"230",231,7,"LORONG AH SOO","HGSZ07","N","HOUGANG","HG","NORTH-EAST REGION","NER","6EDE1DB873D24BDD","2014/12/05",33930.3169,37657.026,5438.2110219,1515533.89128
"231",232,8,"FLORA DRIVE","PRSZ08","N","PASIR RIS","PR","EAST REGION","ER","FA9C76B49B6D0C95","2014/12/05",42801.7349,37930.5489,3956.61577684,944998.44886
"232",233,5,"HILLVIEW","BKSZ05","N","BUKIT BATOK","BK","WEST REGION","WR","3111003F85F45513","2014/12/05",20276.6529,37526.4582,6673.93400425,1990788.39736
"233",234,1,"CHANGI BAY","CBSZ01","N","CHANGI BAY","CB","EAST REGION","ER","ACFD43D8AE3F7B3F","2014/12/05",49502.4866,34316.5442,18731.5599659,1829821.68985
"234",235,2,"PAYA LEBAR EAST","PLSZ02","N","PAYA LEBAR","PL","EAST REGION","ER","389E16D1B4BCDE92","2014/12/05",38065.4483,37522.396,7470.11195193,2259239.73967
"235",236,1,"UPPER THOMSON","BSSZ01","N","BISHAN","BS","CENTRAL REGION","CR","0ABCF49C51112DC2","2014/12/05",27884.6872,37749.3937,10082.075301,3860324.99443
"236",237,2,"HONG KAH NORTH","BKSZ02","N","BUKIT BATOK","BK","WEST REGION","WR","7688003183213EBF","2014/12/05",18505.4653,38307.4684,3842.99403042,859179.180076
"237",238,4,"TOWNSVILLE","AMSZ04","N","ANG MO KIO","AM","NORTH-EAST REGION","NER","377A4E677018DDF9","2014/12/05",29686.468,38599.4995,3313.3174126,546403.863476
"238",239,6,"KOVAN","HGSZ06","N","HOUGANG","HG","NORTH-EAST REGION","NER","19C0ECAF2E3AE59A","2014/12/05",33270.7913,38331.4768,5644.28774956,1948613.20544
"239",240,3,"CHONG BOON","AMSZ03","N","ANG MO KIO","AM","NORTH-EAST REGION","NER","94B98B182E1B853F","2014/12/05",30485.5109,38478.993,4710.53872999,1078622.32407
"240",241,5,"SHANGRI-LA","AMSZ05","N","ANG MO KIO","AM","NORTH-EAST REGION","NER","B208B7127D3E0A31","2014/12/05",28564.7156,38888.9209,4019.22952597,687930.096966
"241",242,4,"SERANGOON GARDEN","SGSZ04","N","SERANGOON","SG","NORTH-EAST REGION","NER","9E333AF1E3047F58","2014/12/05",31710.8227,38310.2243,6972.41909361,3023148.98135
"242",243,1,"HOUGANG CENTRAL","HGSZ01","N","HOUGANG","HG","NORTH-EAST REGION","NER","C4419A9A8D05E0DF","2014/12/05",34470.7005,39076.5963,2759.81546608,441733.440164
"243",244,7,"LOYANG EAST","PRSZ07","N","PASIR RIS","PR","EAST REGION","ER","4B656D023BC2388D","2014/12/05",43592.3311,38890.0948,4185.46289802,970068.072231
"244",245,6,"DAIRY FARM","BPSZ06","N","BUKIT PANJANG","BP","WEST REGION","WR","FE385B2E17662DDF","2014/12/05",21181.12,38939.8375,4814.19537542,1235901.7517
"245",246,5,"PASIR RIS DRIVE","PRSZ05","N","PASIR RIS","PR","EAST REGION","ER","2B73597AF3F174F3","2014/12/05",42032.458,38988.2187,5311.06036561,1639669.01653
"246",247,1,"TAMPINES NORTH","TMSZ01","N","TAMPINES","TM","EAST REGION","ER","619A4A5A72D3F75A","2014/12/05",39763.9423,38698.1692,7128.35539054,2543106.63427
"247",248,2,"CHENG SAN","AMSZ02","N","ANG MO KIO","AM","NORTH-EAST REGION","NER","504511A82C516D62","2014/12/05",30312.1923,39413.3478,4218.95806162,955710.188701
"248",249,1,"ANG MO KIO TOWN CENTRE","AMSZ01","N","ANG MO KIO","AM","NORTH-EAST REGION","NER","B996E2754B3DA5E1","2014/12/05",29501.7659,39419.4049,2642.20877721,316882.017187
"249",250,6,"KEBUN BAHRU","AMSZ06","N","ANG MO KIO","AM","NORTH-EAST REGION","NER","60BFB1E98CF343F9","2014/12/05",28700.1674,39496.5061,4288.19423135,1046417.00003
"250",251,2,"SERANGOON NORTH IND ESTATE","SGSZ02","N","SERANGOON","SG","NORTH-EAST REGION","NER","2648D1D39685215F","2014/12/05",31498.8784,39642.2223,4299.21119877,921430.948811
"251",252,1,"TENGAH","THSZ01","N","TENGAH","TH","WEST REGION","WR","7E6091D123C993EB","2014/12/05",16363.1893,38432.5474,12808.8765324,7370557.68173
"252",253,3,"SERANGOON NORTH","SGSZ03","N","SERANGOON","SG","NORTH-EAST REGION","NER","C685042EC58E5C55","2014/12/05",32458.8031,39597.6401,3610.73240827,684704.300497
"253",254,3,"PASIR RIS CENTRAL","PRSZ03","N","PASIR RIS","PR","EAST REGION","ER","FF244AAC9D31CDAF","2014/12/05",40755.9017,39341.7477,5273.2390021,1511487.38408
"254",255,1,"GOMBAK","BKSZ01","N","BUKIT BATOK","BK","WEST REGION","WR","1DCF02A5C4038697","2014/12/05",19560.7028,39034.544,7921.55721089,2459098.26541
"255",256,5,"PLAB","PLSZ05","N","PAYA LEBAR","PL","EAST REGION","ER","C3865987F1E8B141","2014/12/05",36691.9113,37730.7232,11966.016757,7034806.47175
"256",257,1,"KRANJI","SKSZ01","N","SUNGEI KADUT","SK","NORTH REGION","NR","3487338E07E5DE5F","2014/12/05",19766.8432,46226.3545,7899.95234274,3652031.03288
"257",258,4,"PASIR RIS PARK","PRSZ04","N","PASIR RIS","PR","EAST REGION","ER","9856E3CDCF57AD96","2014/12/05",41529.798,40218.9437,8533.96399773,1719704.59507
"258",259,5,"CHOA CHU KANG NORTH","CKSZ05","N","CHOA CHU KANG","CK","WEST REGION","WR","1ED0377B40E71BDA","2014/12/05",18347.5682,41593.7648,4552.31474589,1088638.01431
"259",260,2,"RIVERVALE","SESZ02","N","SENGKANG","SE","NORTH-EAST REGION","NER","986666487FF7CF78","2014/12/05",35977.6113,41060.8024,6315.95441659,1569034.7842
"260",261,7,"SENGKANG WEST","SESZ07","N","SENGKANG","SE","NORTH-EAST REGION","NER","53C82220D68B4128","2014/12/05",31319.9431,41936.6786,5991.02000779,1670029.85566
"261",262,6,"FERNVALE","SESZ06","N","SENGKANG","SE","NORTH-EAST REGION","NER","C2885440D673A7A2","2014/12/05",32806.2915,41896.3685,6491.76794385,2391082.76469
"262",263,4,"PUNGGOL FIELD","PGSZ04","N","PUNGGOL","PG","NORTH-EAST REGION","NER","7462F6141FA74A37","2014/12/05",36673.8994,41847.0902,5229.11611385,1378710.5357
"263",264,6,"YEW TEE","CKSZ06","N","CHOA CHU KANG","CK","WEST REGION","WR","D172AF50E2754CBF","2014/12/05",18498.1139,42506.0743,3715.39422999,923214.7487
"264",265,1,"PASIR RIS WAFER FAB PARK","PRSZ01","N","PASIR RIS","PR","EAST REGION","ER","9658EA18C574343B","2014/12/05",38612.4965,41196.6819,10606.6469042,5325421.57516
"265",266,3,"MATILDA","PGSZ03","N","PUNGGOL","PG","NORTH-EAST REGION","NER","14D0DB33976B7B81","2014/12/05",35089.9853,42728.2745,5361.91596413,1418284.25473
"266",267,5,"WATERWAY EAST","PGSZ05","N","PUNGGOL","PG","NORTH-EAST REGION","NER","A9E7E4A7DEE0B6F2","2014/12/05",37063.2238,42568.2237,5391.06510657,1489246.88272
"267",268,3,"GALI BATU","SKSZ03","N","SUNGEI KADUT","SK","NORTH REGION","NR","B462B6D7566CF5CD","2014/12/05",20165.0687,42429.2408,9036.68277072,5186128.07725
"268",269,3,"CHANGI AIRPORT","CHSZ03","N","CHANGI","CH","EAST REGION","ER","70B39BA5469B9018","2014/12/05",46661.849,36599.8158,28163.2282682,35096028.587
"269",270,11,"YIO CHU KANG NORTH","AMSZ11","N","ANG MO KIO","AM","NORTH-EAST REGION","NER","CCAEEFD474A4B1A3","2014/12/05",29505.9877,41733.4401,6445.24298189,1463278.17949
"270",271,1,"CHANGI POINT","CHSZ01","N","CHANGI","CH","EAST REGION","ER","0F530A1557E9AF1F","2014/12/05",44603.6326,41360.4186,4897.48236282,995944.765436
"271",272,3,"SENGKANG TOWN CENTRE","SESZ03","N","SENGKANG","SE","NORTH-EAST REGION","NER","5A2D0E9E6B285069","2014/12/05",35163.812,41501.1418,5216.40050197,1455507.85939
"272",273,4,"ANCHORVALE","SESZ04","N","SENGKANG","SE","NORTH-EAST REGION","NER","F00F5344E293F642","2014/12/05",34218.5354,41815.316,5112.46178675,1499108.62608
"273",274,1,"LORONG HALUS NORTH","SESZ01","N","SENGKANG","SE","NORTH-EAST REGION","NER","4A9FCDF7EAE9BEAE","2014/12/05",36619.2153,40404.6157,3930.09675185,924866.016485
"274",275,4,"YISHUN SOUTH","YSSZ04","N","YISHUN","YS","NORTH REGION","NR","42D160EC51F711D5","2014/12/05",28500.5467,44471.6735,5781.58805086,1340167.98833
"275",276,5,"LOWER SELETAR","YSSZ05","N","YISHUN","YS","NORTH REGION","NR","CF8B2D55A2958851","2014/12/05",29437.6195,43432.0454,15209.7627933,8453312.37974
"276",277,1,"NORTHSHORE","PGSZ01","N","PUNGGOL","PG","NORTH-EAST REGION","NER","317584A40150FF3F","2014/12/05",36169.5574,44222.7655,5355.63711782,1360000.63135
"277",278,3,"MANDAI ESTATE","MDSZ03","N","MANDAI","MD","NORTH REGION","NR","F6266F7368DBB9AB","2014/12/05",27082.698,45367.4603,1633.70841599,143137.941054
"278",279,1,"YISHUN CENTRAL","YSSZ01","N","YISHUN","YS","NORTH REGION","NR","796B74418F857A6C","2014/12/05",28483.0705,45383.3344,2549.64318227,436368.533826
"279",280,3,"PULAU PUNGGOL TIMOR","SLSZ03","N","SELETAR","SL","NORTH-EAST REGION","NER","DF9C2E922175C69D","2014/12/05",34428.8491,44535.8977,4817.80370555,1259743.11329
"280",281,2,"TURF CLUB","SKSZ02","N","SUNGEI KADUT","SK","NORTH REGION","NR","17459E60C3EEAF30","2014/12/05",20234.6006,44507.1901,7665.67601943,3291405.50569
"281",282,4,"WOODLANDS SOUTH","WDSZ04","N","WOODLANDS","WD","NORTH REGION","NR","8A4E14DAC4ACE11C","2014/12/05",23609.573,45692.8785,5211.38443467,1576001.47579
"282",283,5,"WOODGROVE","WDSZ05","N","WOODLANDS","WD","NORTH REGION","NR","B1222FC839464134","2014/12/05",21905.2849,45668.0411,6284.59972451,1665469.26018
"283",284,3,"YISHUN EAST","YSSZ03","N","YISHUN","YS","NORTH REGION","NR","7E20200E3D7B0C16","2014/12/05",29476.5995,45515.7196,5945.70409919,1767092.89647
"284",285,1,"WESTERN WATER CATCHMENT","WCSZ01","N","WESTERN WATER CATCHMENT","WC","WEST REGION","WR","82062B23CEEE75F2","2014/12/05",12020.342,40454.871,44305.6605681,69748298.792
"285",286,2,"PULAU PUNGGOL BARAT","SLSZ02","N","SELETAR","SL","NORTH-EAST REGION","NER","20F2831A2780CFEB","2014/12/05",33050.0976,45213.5347,6251.20779583,2050051.22476
"286",287,9,"YISHUN WEST","YSSZ09","N","YISHUN","YS","NORTH REGION","NR","95C11920195B86C7","2014/12/05",27743.2668,45873.6006,5318.57926605,1517767.38917
"287",288,1,"WOODLANDS REGIONAL CENTRE","WDSZ01","N","WOODLANDS","WD","NORTH REGION","NR","8AEF535CD000EA39","2014/12/05",22571.2094,46698.8735,3254.34327541,595652.143904
"288",289,5,"RESERVOIR VIEW","SKSZ05","N","SUNGEI KADUT","SK","NORTH REGION","NR","40050ADDFBCC870F","2014/12/05",18367.171,45940.4868,10399.4244848,3284130.41989
"289",290,3,"WOODLANDS EAST","WDSZ03","N","WOODLANDS","WD","NORTH REGION","NR","C90769E43EE6B0F2","2014/12/05",24506.6375,46991.63,6603.60830097,2553463.72392
"290",291,3,"SEMBAWANG CENTRAL","SBSZ03","N","SEMBAWANG","SB","NORTH REGION","NR","772A64AB9A93FC3A","2014/12/05",26268.7326,47558.0804,3955.11763685,962437.403135
"291",292,7,"GREENWOOD PARK","WDSZ07","N","WOODLANDS","WD","NORTH REGION","NR","A38714A4F4163DCE","2014/12/05",22608.3894,47660.0645,4620.86556655,1281296.51029
"292",293,1,"SEMBAWANG EAST","SBSZ01","N","SEMBAWANG","SB","NORTH REGION","NR","5C6A0B0C3E280F49","2014/12/05",27788.9403,47682.832,3494.97341256,758123.459934
"293",294,8,"SENOKO WEST","WDSZ08","N","WOODLANDS","WD","NORTH REGION","NR","ACD9BD92A81177CE","2014/12/05",23921.5512,48088.741,3966.74096881,905921.117852
"294",295,4,"PULAU SELETAR","SMSZ04","N","SIMPANG","SM","NORTH REGION","NR","66E54DD5CE0C71A2","2014/12/05",31511.014,47245.3329,5466.04826913,1611278.67538
"295",296,5,"ADMIRALTY","SBSZ05","N","SEMBAWANG","SB","NORTH REGION","NR","2E2DB30B78E2AC57","2014/12/05",27091.2755,48333.8005,4534.25188836,1261648.74801
"296",297,1,"LIM CHU KANG","LKSZ01","N","LIM CHU KANG","LK","NORTH REGION","NR","E4489A0861169020","2014/12/05",15309.8168,45819.0414,18733.8362509,17494884.1842
"297",298,1,"SIMPANG NORTH","SMSZ01","N","SIMPANG","SM","NORTH REGION","NR","19529EBD71A301DD","2014/12/05",29388.7139,47645.2768,9071.75244948,3450455.35948
"298",299,9,"SENOKO SOUTH","SBSZ09","N","SEMBAWANG","SB","NORTH REGION","NR","01A4287FB060A0A6","2014/12/05",25130.655,48346.0326,5262.56276522,1741957.36278
"299",300,4,"SEMBAWANG NORTH","SBSZ04","N","SEMBAWANG","SB","NORTH REGION","NR","F4016BB091C51693","2014/12/05",26038.8084,48732.9057,5519.93484495,1394865.68389
"300",301,2,"TANJONG IRAU","SMSZ02","N","SIMPANG","SM","NORTH REGION","NR","74181C5882F588F0","2014/12/05",29959.6312,48428.1734,4322.19523418,1074375.12117
"301",302,1,"NORTH-EASTERN ISLANDS","NESZ01","N","NORTH-EASTERN ISLANDS","NE","NORTH-EAST REGION","NER","92BC3E09C68F3B52","2014/12/05",50424.7923,42612.8784,62436.23535,67250562.96
"302",303,2,"MANDAI EAST","MDSZ02","N","MANDAI","MD","NORTH REGION","NR","44831379A129F359","2014/12/05",25739.2736,45391.7648,11572.5295407,7235809.44141
"303",304,3,"SIMPANG SOUTH","SMSZ03","N","SIMPANG","SM","NORTH REGION","NR","86605C93A9575D00","2014/12/05",30567.8998,46241.4969,7166.91366178,2147082.0666
"304",305,2,"NORTHLAND","YSSZ02","N","YISHUN","YS","NORTH REGION","NR","A0E30DFB562910D3","2014/12/05",28520.5814,46642.7243,5057.11992149,1511000.3631
"305",306,2,"MIDVIEW","WDSZ02","N","WOODLANDS","WD","NORTH REGION","NR","42D5F52D334C615F","2014/12/05",23349.76,46841.1143,4159.20144038,936415.526111
"306",307,6,"WOODLANDS WEST","WDSZ06","N","WOODLANDS","WD","NORTH REGION","NR","4215C006676A7D38","2014/12/05",21582.5903,46573.0249,5929.64468681,1648629.90869
"307",308,2,"SEMBAWANG SPRINGS","SBSZ02","N","SEMBAWANG","SB","NORTH REGION","NR","C739B507A1ACBDB3","2014/12/05",27076.8118,46959.0886,4212.04224667,1099394.72041
"308",309,6,"SPRINGLEAF","YSSZ06","N","YISHUN","YS","NORTH REGION","NR","5D0241839A91E181","2014/12/05",26969.7232,42586.216,6912.80078042,2209210.7052
"309",310,2,"PUNGGOL TOWN CENTRE","PGSZ02","N","PUNGGOL","PG","NORTH-EAST REGION","NER","625C5BEC57D068FE","2014/12/05",35602.3777,43427.511,4896.76750758,1264384.78903
"310",311,7,"NEE SOON","YSSZ07","N","YISHUN","YS","NORTH REGION","NR","4AAC92E24CAB13A5","2014/12/05",25921.7245,43261.5225,7074.07077846,2206695.55494
"311",312,6,"PUNGGOL CANAL","PGSZ06","N","PUNGGOL","PG","NORTH-EAST REGION","NER","4577C2B37C75D519","2014/12/05",37408.8422,43168.5702,6279.46484344,1265919.30435
"312",313,1,"CENTRAL WATER CATCHMENT","CCSZ01","N","CENTRAL WATER CATCHMENT","CC","NORTH REGION","NR","52D00685FE621970","2014/12/05",24424.4183,39849.0456,30538.2461768,37147854.4563
"313",314,4,"SELETAR","SLSZ04","N","SELETAR","SL","NORTH-EAST REGION","NER","E63BBDBBA2B092AF","2014/12/05",33371.5499,43425.0895,8487.27447616,3916069.33746
"314",315,4,"PANG SUA","SKSZ04","N","SUNGEI KADUT","SK","NORTH REGION","NR","310C8087D7221C08","2014/12/05",18535.5677,43826.0836,7561.99010711,2175380.05847
"315",316,1,"SELETAR AEROSPACE PARK","SLSZ01","N","SELETAR","SL","NORTH-EAST REGION","NER","0C69219764BD4C25","2014/12/05",31690.73,43796.9117,8946.56046482,3621841.18283
"316",317,8,"KHATIB","YSSZ08","N","YISHUN","YS","NORTH REGION","NR","DC75517DA31123DB","2014/12/05",27480.6357,44420.6884,4956.14573523,1432913.06237
"317",318,1,"MANDAI WEST","MDSZ01","N","MANDAI","MD","NORTH REGION","NR","FFCCF172717C2EAF","2014/12/05",22549.0736,44455.8474,9630.6271898,4387133.11736
"318",319,7,"CONEY ISLAND","PGSZ07","N","PUNGGOL","PG","NORTH-EAST REGION","NER","8B13A48924BBE015","2014/12/05",37928.4976,43351.3743,5670.13705749,1200804.56304
"319",320,9,"NORTH COAST","WDSZ09","N","WOODLANDS","WD","NORTH REGION","NR","898B2436858382A1","2014/12/05",22147.036,48031.5522,10847.8819812,2450783.60664
"320",321,6,"SEMBAWANG STRAITS","SBSZ06","N","SEMBAWANG","SB","NORTH REGION","NR","AA1A638CA2B0D5B7","2014/12/05",28352.4774,48918.2749,7217.38837153,1540733.67464
"321",322,7,"THE WHARVES","SBSZ07","N","SEMBAWANG","SB","NORTH REGION","NR","6D89875A351CF51C","2014/12/05",26945.068,49552.7904,11828.8777188,1635808.12858
"322",323,8,"SENOKO NORTH","SBSZ08","N","SEMBAWANG","SB","NORTH REGION","NR","A800CBEE879C1BF9","2014/12/05",24665.7878,49482.5953,7392.1288511,2241386.61934
